"id","created_at","deleted_at","owner_id","competition_id"
"competition-prediction-04G1SWLb4C7M6FG3z1SuH","2025-02-24 21:55:26.406286+00","2025-03-17 16:00:00+00","5pgfnqQCrj8vtlYsVaX2G","competition-KbeK95EUdNeKULp32z8ij"
"competition-prediction-0ElQX3r1bGaqhj6boYpoL","2025-02-25 00:09:44.978338+00","2025-03-17 16:00:00+00","1a8Wi0Bjc2kyyokxlgahB","competition-KbeK95EUdNeKULp32z8ij"
"competition-prediction-0K8VeWSTfhsXVLtAQpM4d","2025-02-18 09:12:42.082694+00","2025-03-17 16:00:00+00","o2wBu1glbjmu3mDgrrgj5","competition-KbeK95EUdNeKULp32z8ij"
"competition-prediction-0KvVpX0qMpwn2sKjTzX5D","2025-03-13 21:55:21.942967+00",,"sxhvvx7ZXJnRp2k26eW1q","competition-2np7VaBJ3aZlRSho6iJsp"
"competition-prediction-0NvSmNhHEVTr9dYwNTJB9","2025-02-26 11:58:32.997249+00",,"t5ykWV1EAGumpxrTiD4EZ","competition-2np7VaBJ3aZlRSho6iJsp"
"competition-prediction-0uRBFiyU4lENfutb5Tqv2","2025-02-02 05:57:15.696563+00","2025-03-17 16:00:00+00","EyQzTVYVcrgU5kRN3Qg6R","competition-KbeK95EUdNeKULp32z8ij"
"competition-prediction-17gXzNQxcTxxissTDCTcD","2025-03-11 02:48:58.659254+00",,"cJ51pv3572hzCfm1AGosY","competition-KbeK95EUdNeKULp32z8ij"
"competition-prediction-1BjuyNLZi4L7mQJg6wApt","2025-03-06 11:03:29.732833+00",,"NgbkxDCwWNBJAwcRGKNhV","competition-UkJQVGKUA7TMNwRHVp7nb"
"competition-prediction-1MhGQMitUFqR2FcUhRllg","2025-03-14 13:52:36.530433+00",,"oVlb2up8Z8yyfmpEVcglB","competition-2np7VaBJ3aZlRSho6iJsp"
"competition-prediction-1Q47qgXUJm9gW6z6GJaC2","2025-03-02 18:46:39.733763+00",,"tR6Nb24a18wdRVwnyliQQ","competition-2np7VaBJ3aZlRSho6iJsp"
"competition-prediction-1iWdgH0EK88JT4SkNrQbs","2025-03-14 11:34:26.088189+00",,"sxhvvx7ZXJnRp2k26eW1q","competition-2np7VaBJ3aZlRSho6iJsp"
"competition-prediction-1kzU3NF54a1vBkKjPb9mN","2025-03-11 21:34:02.475422+00",,"PkAYhfKdQnV2SYrKVY8qA","competition-2np7VaBJ3aZlRSho6iJsp"
"competition-prediction-25KpDWPt75tgPTCn2gRiX","2025-03-14 13:35:39.764208+00",,"oVlb2up8Z8yyfmpEVcglB","competition-2np7VaBJ3aZlRSho6iJsp"
"competition-prediction-26mSZfu0DSAYFdmxQm8S6","2025-01-13 14:03:03.413111+00","2025-03-17 16:00:00+00","sny6PMsK8pjA8m6TjDjdK","competition-UkJQVGKUA7TMNwRHVp7nb"
"competition-prediction-27w5cgNPX11vnaVa6qDC4","2025-02-25 18:26:11.223092+00",,"eMchc3woQTPfrqaoQFqat","competition-UkJQVGKUA7TMNwRHVp7nb"
"competition-prediction-2UxKtRQvpiebXxWTAPVxA","2025-03-08 17:34:26.986311+00",,"tR6Nb24a18wdRVwnyliQQ","competition-2np7VaBJ3aZlRSho6iJsp"
"competition-prediction-2hNX50e8Ho8tg7xB5xCjw","2025-03-09 04:58:39.650326+00",,"eMRtFW5PzzZa0LbzrYSX0","competition-UkJQVGKUA7TMNwRHVp7nb"
"competition-prediction-2sTiQuJ5hQSWJrdaVUEwq","2025-03-14 03:47:11.145344+00",,"rrBijer4tbCuFpkxKQlc9","competition-UkJQVGKUA7TMNwRHVp7nb"
"competition-prediction-3EF6gmz5LaTKq2tk1jJrK","2025-03-08 17:48:01.085868+00",,"p6n21CG6pQ8z9sQlAX2ln","competition-KbeK95EUdNeKULp32z8ij"
"competition-prediction-3FguUuXRH3w5o5CZ75KVD","2025-03-08 17:35:55.367652+00",,"tR6Nb24a18wdRVwnyliQQ","competition-2np7VaBJ3aZlRSho6iJsp"
"competition-prediction-3ZP1J7WUSYpcTFswlXp1o","2025-02-05 20:15:36.114609+00",,"wXTTPBS0vjWJzZ0oQpo51","competition-2np7VaBJ3aZlRSho6iJsp"
"competition-prediction-3hHa2WS7UCXv2gmjtlbd1","2025-01-23 12:18:38.716986+00",,"sxhvvx7ZXJnRp2k26eW1q","competition-2np7VaBJ3aZlRSho6iJsp"
"competition-prediction-3k2QV6TsgsqSvU3HqPf7g","2025-02-24 18:49:42.920331+00",,"QcUvkxqPEJzj90ewo2hJ9","competition-KbeK95EUdNeKULp32z8ij"
"competition-prediction-3snGxRMKjY2PBWmJoWpHP","2025-03-12 11:29:57.356041+00",,"MJfl29Yy4boyjo7TzpRHq","competition-KbeK95EUdNeKULp32z8ij"
"competition-prediction-403Deww4B4d8rH12Hrcqe","2025-02-25 20:58:37.651722+00","2025-03-17 16:00:00+00","5pgfnqQCrj8vtlYsVaX2G","competition-UkJQVGKUA7TMNwRHVp7nb"
"competition-prediction-40P1Gt6u6eYmQsZZ6nhYK","2025-02-25 22:19:09.070541+00","2025-03-17 16:00:00+00","JYaDBapla6t24WYsRT6Er","competition-UkJQVGKUA7TMNwRHVp7nb"
"competition-prediction-429Kd88pFC7mcyDZcU6MP","2025-01-13 14:04:23.915662+00","2025-03-17 16:00:00+00","sny6PMsK8pjA8m6TjDjdK","competition-KbeK95EUdNeKULp32z8ij"
"competition-prediction-4B5yo8ShntdJXDDDPTLpr","2025-02-07 19:05:28.051432+00",,"obT7kRiERJRiAnaBKAcHK","competition-2np7VaBJ3aZlRSho6iJsp"
"competition-prediction-4KoBRKQgL5oq7LeVT5yvV","2025-02-26 03:48:03.723214+00",,"eBmW8PytUKVz5aPNwvoaD","competition-KbeK95EUdNeKULp32z8ij"
"competition-prediction-4PlYDS78ADhMBU8zr1hmX","2025-01-25 05:39:17.391038+00",,"nfJWqXK0H0a3VkumRDPYF","competition-KbeK95EUdNeKULp32z8ij"
"competition-prediction-4eEPLwJrPGLtBVbc21paz","2025-03-12 22:16:15.356403+00",,"wXTTPBS0vjWJzZ0oQpo51","competition-2np7VaBJ3aZlRSho6iJsp"
"competition-prediction-4i9KViz5XPENi6lRlj8Qz","2025-01-23 12:17:47.57435+00",,"sxhvvx7ZXJnRp2k26eW1q","competition-2np7VaBJ3aZlRSho6iJsp"
"competition-prediction-4j4z6oqcwr72GzgT4cQ6R","2025-03-12 23:16:06.454267+00",,"bLycm2Dqq8yonEMRMRNy5","competition-2np7VaBJ3aZlRSho6iJsp"
"competition-prediction-4qmHB9weeyRvhUMVneXgU","2025-02-23 22:41:34.149983+00",,"MJfl29Yy4boyjo7TzpRHq","competition-UkJQVGKUA7TMNwRHVp7nb"
"competition-prediction-4v6FjtBP4r9zlSeWCGVjW","2025-03-13 23:45:17.568056+00",,"DXCx5ew2mA9psvLPwBYmv","competition-2np7VaBJ3aZlRSho6iJsp"
"competition-prediction-5PRxzGhkndVKXVFh7K04i","2025-03-09 14:33:09.397239+00",,"cJ51pv3572hzCfm1AGosY","competition-KbeK95EUdNeKULp32z8ij"
"competition-prediction-5RJGGvBhxyKc5YjHbsb0g","2025-03-14 15:39:22.491548+00",,"eBmW8PytUKVz5aPNwvoaD","competition-2np7VaBJ3aZlRSho6iJsp"
"competition-prediction-5SG9RZqm9QJcZ0uRV1D7k","2025-03-14 14:03:02.578694+00",,"ybvSMzpUk03sJ0C8DJLU0","competition-2np7VaBJ3aZlRSho6iJsp"
"competition-prediction-5SrPPi3rwwrQGa3RbR336","2025-03-02 18:44:32.630582+00",,"tR6Nb24a18wdRVwnyliQQ","competition-2np7VaBJ3aZlRSho6iJsp"
"competition-prediction-5X8yltgjLcHqkJsUMwqNy","2025-03-13 17:26:54.320833+00",,"lp7nYoe0dH4JvsRAoTgxf","competition-KbeK95EUdNeKULp32z8ij"
"competition-prediction-5gfb8Mu4rBtXHKxGufH38","2025-02-25 20:26:30.182429+00",,"aL2AUHA1JhWgZGCQr618l","competition-2np7VaBJ3aZlRSho6iJsp"
"competition-prediction-5wKPEWcj8ZXc6lQkstyZs","2025-01-31 17:45:06.672171+00",,"aL2AUHA1JhWgZGCQr618l","competition-2np7VaBJ3aZlRSho6iJsp"
"competition-prediction-5wXS3xDlyB5itgtQxyVmZ","2025-02-24 19:17:18.444517+00",,"QcUvkxqPEJzj90ewo2hJ9","competition-KbeK95EUdNeKULp32z8ij"
"competition-prediction-61ZF7gHxvj7r3n8LWJg6P","2025-02-07 12:11:25.740351+00",,"cKkY8Snz1vyp85vXbN14T","competition-UkJQVGKUA7TMNwRHVp7nb"
"competition-prediction-64eAZRW5acEnQ4QZfrrVB","2025-03-13 21:27:05.317629+00",,"e61Ug2RA00XPvxYw2DprH","competition-2np7VaBJ3aZlRSho6iJsp"
"competition-prediction-665uvCsZRMN3mreZc1Pn8","2025-03-13 09:19:47.734573+00","2025-03-17 16:00:00+00","Mbyuw4vGTa1jaNfmT7r7S","competition-KbeK95EUdNeKULp32z8ij"
"competition-prediction-6B0rq53Hx9dAjfRsocQ01","2025-03-07 09:34:48.59509+00",,"C7ibMkBrX6uTYUKUyMANu","competition-UkJQVGKUA7TMNwRHVp7nb"
"competition-prediction-6Jf1gqYzxmdlrPx4GWRS6","2025-02-07 19:34:25.114005+00",,"obT7kRiERJRiAnaBKAcHK","competition-KbeK95EUdNeKULp32z8ij"
"competition-prediction-6VtyiyX8uw24ZdemQyCpY","2025-03-13 20:15:13.306308+00",,"nQe8DcL55R8wFziipHYQt","competition-KbeK95EUdNeKULp32z8ij"
"competition-prediction-73QcGunmBN2KmW6bCfT8w","2025-02-26 00:36:59.991913+00","2025-03-17 16:00:00+00","ybvSMzpUk03sJ0C8DJLU0","competition-UkJQVGKUA7TMNwRHVp7nb"
"competition-prediction-7Cp5g154czLfionXQW3cC","2025-02-08 05:15:59.675672+00","2025-03-17 16:00:00+00","EyQzTVYVcrgU5kRN3Qg6R","competition-2np7VaBJ3aZlRSho6iJsp"
"competition-prediction-7GRKQYZ1DL3TPvjHYhERs","2025-03-12 22:12:15.387676+00",,"wXTTPBS0vjWJzZ0oQpo51","competition-KbeK95EUdNeKULp32z8ij"
"competition-prediction-82M7l71QrplhHfU35b05e","2025-02-07 19:53:31.614679+00",,"obT7kRiERJRiAnaBKAcHK","competition-KbeK95EUdNeKULp32z8ij"
"competition-prediction-8BXixxTAsQVjJ0s9xGH3Z","2025-03-10 12:28:09.228363+00",,"C7ibMkBrX6uTYUKUyMANu","competition-KbeK95EUdNeKULp32z8ij"
"competition-prediction-8LQ67sznR0znirBkeFZTF","2025-02-26 14:04:01.76061+00",,"PkAYhfKdQnV2SYrKVY8qA","competition-2np7VaBJ3aZlRSho6iJsp"
"competition-prediction-8LwSlafWqlUyqCrXCmeuq","2025-03-09 15:49:41.592646+00",,"cKkY8Snz1vyp85vXbN14T","competition-2np7VaBJ3aZlRSho6iJsp"
"competition-prediction-8YQYAKyQNlh18MFEmbGqP","2025-02-07 16:47:31.181456+00",,"cKkY8Snz1vyp85vXbN14T","competition-2np7VaBJ3aZlRSho6iJsp"
"competition-prediction-8k0Z6yqit2ywRySLq4LV3","2025-02-25 20:25:57.750439+00",,"aL2AUHA1JhWgZGCQr618l","competition-2np7VaBJ3aZlRSho6iJsp"
"competition-prediction-8lcszQz36masyj0LgswwS","2025-02-24 22:02:29.953997+00","2025-03-17 16:00:00+00","1a8Wi0Bjc2kyyokxlgahB","competition-2np7VaBJ3aZlRSho6iJsp"
"competition-prediction-8oFF30AHg20eUKrnRQzUE","2025-02-10 08:26:21.265905+00",,"08WeSmQpKpu2PgqwGJE4J","competition-UkJQVGKUA7TMNwRHVp7nb"
"competition-prediction-8ygjELYPeCo3or8AS6Xom","2025-03-03 10:33:26.321579+00",,"YQtH09KRfpEPtMQBlwTZ5","competition-UkJQVGKUA7TMNwRHVp7nb"
"competition-prediction-98SKTUzuXv3ZSFGt4PVob","2025-03-10 20:01:43.498381+00",,"RWJ9Ts7Jr5r9iox90zc6n","competition-UkJQVGKUA7TMNwRHVp7nb"
"competition-prediction-9Aaxri873JWxewEcbzl9j","2025-03-13 17:17:49.336005+00",,"zpZl5tZ2Rhwhkf8KThNoq","competition-2np7VaBJ3aZlRSho6iJsp"
"competition-prediction-9Czjo1F7uKNbjuQ4Gjh1Y","2025-02-25 18:28:39.299227+00",,"j7lx7xrGsKHkmgag1Xukg","competition-KbeK95EUdNeKULp32z8ij"
"competition-prediction-9FQmgiZzYFAiz58W0707h","2025-01-18 22:46:13.58252+00","2025-03-17 16:00:00+00","EzazLNxQnJuNJQQH4Cz2B","competition-KbeK95EUdNeKULp32z8ij"
"competition-prediction-9Yrcg7omjLhpejG2mfZXp","2025-03-14 04:16:20.700615+00",,"S4v208h08NMij2xHgWlw5","competition-2np7VaBJ3aZlRSho6iJsp"
"competition-prediction-9eHh5SNrrr9s9DqCsE5mb","2025-02-07 16:46:46.597147+00",,"tRmZAsfzjQBQFffWHl8te","competition-KbeK95EUdNeKULp32z8ij"
"competition-prediction-9mdXiMW946HVvNfSl9EKh","2025-03-14 13:51:24.430652+00",,"sxhvvx7ZXJnRp2k26eW1q","competition-KbeK95EUdNeKULp32z8ij"
"competition-prediction-9uXaKlFF8oJQvcv34waB2","2025-02-02 06:22:06.827589+00","2025-03-17 16:00:00+00","EyQzTVYVcrgU5kRN3Qg6R","competition-KbeK95EUdNeKULp32z8ij"
"competition-prediction-A5j8QDEsevsGLLhzPGNh2","2025-03-14 13:12:41.211324+00",,"b5KZvrNtvnlD8iKbJ7n8J","competition-2np7VaBJ3aZlRSho6iJsp"
"competition-prediction-A7SLcEvYh2kvn3ylymYtG","2025-03-14 15:32:23.37047+00","2025-03-17 16:00:00+00","WMqY5nNSf1MiQ2a7KaQp3","competition-2np7VaBJ3aZlRSho6iJsp"
"competition-prediction-ABNEj1K4fkQjGela4BpMX","2025-02-25 11:30:59.618165+00","2025-03-17 16:00:00+00","FZuCVaF8mt3JfCUL8nPiL","competition-2np7VaBJ3aZlRSho6iJsp"
"competition-prediction-AdxoXzE6o6ZjN1jF70ryo","2025-02-15 05:50:37.435542+00",,"Vu0wjYeXug7G9Xjzk1iR5","competition-2np7VaBJ3aZlRSho6iJsp"
"competition-prediction-B0NVb1c1PcBnbUxup3qfl","2025-02-06 20:05:48.525749+00",,"e61Ug2RA00XPvxYw2DprH","competition-2np7VaBJ3aZlRSho6iJsp"
"competition-prediction-B7v870UXegRDpm1Ki3mGk","2025-02-24 20:50:08.660691+00",,"S4v208h08NMij2xHgWlw5","competition-2np7VaBJ3aZlRSho6iJsp"
"competition-prediction-BKBVzVx6LMubD6l1ARCM9","2025-02-02 06:23:49.181085+00","2025-03-17 16:00:00+00","EyQzTVYVcrgU5kRN3Qg6R","competition-2np7VaBJ3aZlRSho6iJsp"
"competition-prediction-BNgKSrmrMEntWBtEtq4Ny","2025-02-25 01:26:50.213921+00",,"MJfl29Yy4boyjo7TzpRHq","competition-UkJQVGKUA7TMNwRHVp7nb"
"competition-prediction-BafyABm6NmChvBkTu5sxu","2025-01-19 21:18:35.790992+00","2025-03-17 16:00:00+00","BCKu6WCTepWAolcsF7k9G","competition-2np7VaBJ3aZlRSho6iJsp"
"competition-prediction-Bb3RuEuNoyTTx7ZUx17FA","2025-01-19 21:17:53.008709+00","2025-03-17 16:00:00+00","BCKu6WCTepWAolcsF7k9G","competition-2np7VaBJ3aZlRSho6iJsp"
"competition-prediction-BeZpoGgHqZbVXyBreu78r","2025-02-10 18:03:55.530331+00",,"ybvSMzpUk03sJ0C8DJLU0","competition-KbeK95EUdNeKULp32z8ij"
"competition-prediction-BjKJtQJ3arURaBaisTCNV","2025-02-07 12:08:33.672124+00",,"cKkY8Snz1vyp85vXbN14T","competition-UkJQVGKUA7TMNwRHVp7nb"
"competition-prediction-BwBmCULn47mitAldMsgzl","2025-02-25 12:58:07.255866+00","2025-03-17 16:00:00+00","FZuCVaF8mt3JfCUL8nPiL","competition-2np7VaBJ3aZlRSho6iJsp"
"competition-prediction-ByobBQgjjJY2r5RhG5Cvl","2025-01-20 15:30:10.812721+00",,"wXTTPBS0vjWJzZ0oQpo51","competition-KbeK95EUdNeKULp32z8ij"
"competition-prediction-C5gtXSYHxC8909FHuVBaA","2025-02-20 23:57:36.728521+00","2025-03-17 16:00:00+00","uKs88r4upBuV08ieq3pWR","competition-UkJQVGKUA7TMNwRHVp7nb"
"competition-prediction-C5t2ByfVqvLCfaUrsluro","2025-03-02 18:42:45.229603+00",,"tR6Nb24a18wdRVwnyliQQ","competition-2np7VaBJ3aZlRSho6iJsp"
"competition-prediction-CrC8EeoB9krP6RlDbPkAk","2025-03-14 14:44:11.780318+00",,"AznJ6im1Lg9ikYiKBahma","competition-UkJQVGKUA7TMNwRHVp7nb"
"competition-prediction-D4oCdTQVdNsbQJEsCRUMc","2025-01-14 12:00:48.816125+00","2025-03-17 16:00:00+00","NKnaHGybLqwSHcaMEHqfF","competition-KbeK95EUdNeKULp32z8ij"
"competition-prediction-DDYLY01bkEUExMs4KxmJZ","2025-02-07 17:34:22.542898+00",,"N5cBC3h77rgaJUgNRLPcX","competition-UkJQVGKUA7TMNwRHVp7nb"
"competition-prediction-DJ0b5n6X7pCwakAxYuw4y","2025-03-11 21:37:03.030331+00",,"PkAYhfKdQnV2SYrKVY8qA","competition-2np7VaBJ3aZlRSho6iJsp"
"competition-prediction-DLGeSzUxB29MqK9pnBawM","2025-02-04 05:49:04.91954+00",,"VZ7vz7oFPTXHUcmrVZ9Ef","competition-UkJQVGKUA7TMNwRHVp7nb"
"competition-prediction-DLHxDzmVHCAXfDXH3Y6X3","2025-03-04 21:01:52.361424+00",,"cKkY8Snz1vyp85vXbN14T","competition-UkJQVGKUA7TMNwRHVp7nb"
"competition-prediction-DQkAcFu3m64989GyMdtcG","2025-02-23 12:45:11.59055+00",,"e61Ug2RA00XPvxYw2DprH","competition-UkJQVGKUA7TMNwRHVp7nb"
"competition-prediction-DjB4AtN048QFQbkKN3T9w","2025-02-26 22:16:53.61016+00",,"e61Ug2RA00XPvxYw2DprH","competition-2np7VaBJ3aZlRSho6iJsp"
"competition-prediction-DlrZsiJT17ggUhyt3l7J3","2025-01-27 06:14:34.41903+00",,"sxhvvx7ZXJnRp2k26eW1q","competition-KbeK95EUdNeKULp32z8ij"
"competition-prediction-DzrJWErLZV78oirBRJevF","2025-02-08 05:14:23.467966+00","2025-03-17 16:00:00+00","EyQzTVYVcrgU5kRN3Qg6R","competition-KbeK95EUdNeKULp32z8ij"
"competition-prediction-E4SWd4dYliUShHvNFLdTE","2025-03-02 18:48:29.718352+00",,"tR6Nb24a18wdRVwnyliQQ","competition-2np7VaBJ3aZlRSho6iJsp"
"competition-prediction-E86JPRobfHreCr8tsP0G6","2025-01-19 21:19:48.932787+00","2025-03-17 16:00:00+00","BCKu6WCTepWAolcsF7k9G","competition-2np7VaBJ3aZlRSho6iJsp"
"competition-prediction-EB1WlwJCB7skHvZZMWVMR","2025-03-06 17:21:08.80312+00",,"cKkY8Snz1vyp85vXbN14T","competition-2np7VaBJ3aZlRSho6iJsp"
"competition-prediction-EKepKMQd2zZRP15SloRqP","2025-02-25 01:27:57.011568+00",,"MJfl29Yy4boyjo7TzpRHq","competition-UkJQVGKUA7TMNwRHVp7nb"
"competition-prediction-Edd645cpFboFZRsUm20em","2025-03-14 15:22:19.521538+00",,"17n4gBhVwbscpSR6uaKr0","competition-UkJQVGKUA7TMNwRHVp7nb"
"competition-prediction-Ekm3jhN497N5U3dupysp6","2025-02-05 16:17:26.368671+00",,"nfJWqXK0H0a3VkumRDPYF","competition-KbeK95EUdNeKULp32z8ij"
"competition-prediction-ElEadSsf9a5QbhsxFvBmD","2025-01-18 22:42:26.803196+00","2025-03-17 16:00:00+00","EzazLNxQnJuNJQQH4Cz2B","competition-KbeK95EUdNeKULp32z8ij"
"competition-prediction-EmFznpG9haWgjubLTQJaT","2025-02-12 13:20:33.496318+00","2025-03-17 16:00:00+00","6febD4slZp8u5bVFHVtgw","competition-KbeK95EUdNeKULp32z8ij"
"competition-prediction-EnyRifkdTZTpmy5KqHr1p","2025-01-17 10:43:36.376014+00","2025-03-17 16:00:00+00","EzazLNxQnJuNJQQH4Cz2B","competition-KbeK95EUdNeKULp32z8ij"
"competition-prediction-Ewdw6fWcBbf9yZ49Hxkd1","2025-02-07 19:45:24.075351+00",,"obT7kRiERJRiAnaBKAcHK","competition-KbeK95EUdNeKULp32z8ij"
"competition-prediction-FCGnKY0cJF0sl2CN9MKrF","2025-02-26 14:49:08.481764+00",,"tRmZAsfzjQBQFffWHl8te","competition-KbeK95EUdNeKULp32z8ij"
"competition-prediction-FDsunWdHAyAQuoBrSxRWa","2025-03-14 14:57:00.505192+00",,"AznJ6im1Lg9ikYiKBahma","competition-UkJQVGKUA7TMNwRHVp7nb"
"competition-prediction-FLUT3zC27jxaWLpo6Aoge","2025-03-03 06:58:40.758238+00",,"fif1rfR3KdsXVUrmqXUZl","competition-2np7VaBJ3aZlRSho6iJsp"
"competition-prediction-FRAbKFdXri7jeiwx2u81Z","2025-03-03 22:37:30.739586+00",,"Vu0wjYeXug7G9Xjzk1iR5","competition-2np7VaBJ3aZlRSho6iJsp"
"competition-prediction-FWY6kejBQFhJkKjNv5pjV","2025-03-14 05:45:50.329618+00",,"rrBijer4tbCuFpkxKQlc9","competition-UkJQVGKUA7TMNwRHVp7nb"
"competition-prediction-Ftroebpc1HX4iTTBrxRe0","2025-02-25 14:34:06.035004+00",,"wXTTPBS0vjWJzZ0oQpo51","competition-2np7VaBJ3aZlRSho6iJsp"
"competition-prediction-G2rAugeUevtpybgACo2ND","2025-02-08 01:27:48.799441+00","2025-03-17 16:00:00+00","6febD4slZp8u5bVFHVtgw","competition-KbeK95EUdNeKULp32z8ij"
"competition-prediction-G52r9BmREKCiw6P598Lic","2025-03-13 20:37:31.041034+00",,"kB1MvZ2UagKQN8lLzNPiF","competition-KbeK95EUdNeKULp32z8ij"
"competition-prediction-GL85gNve6u38L33Q2wUiJ","2025-03-14 08:39:04.70378+00",,"EyQzTVYVcrgU5kRN3Qg6R","competition-UkJQVGKUA7TMNwRHVp7nb"
"competition-prediction-GZRD1499Q0k3ejSX7wR22","2025-03-13 17:15:19.423094+00",,"zpZl5tZ2Rhwhkf8KThNoq","competition-UkJQVGKUA7TMNwRHVp7nb"
"competition-prediction-GZaagPcXturmkFsYpG7Me","2025-01-25 06:21:42.110425+00",,"nfJWqXK0H0a3VkumRDPYF","competition-KbeK95EUdNeKULp32z8ij"
"competition-prediction-GhBzV9uaDXX1B7NCrYbxC","2025-03-11 04:06:43.28681+00","2025-03-17 16:00:00+00","nfjnyi7AoUX1cEc3tBw7m","competition-KbeK95EUdNeKULp32z8ij"
"competition-prediction-GmHEleH8edbB9xExYApW2","2025-03-07 14:44:18.560553+00",,"ChCaLfCH6fHlb5gZsa3Eq","competition-KbeK95EUdNeKULp32z8ij"
"competition-prediction-HLLULH62Zy9LJDn1odwkt","2025-03-04 21:01:13.643237+00",,"cKkY8Snz1vyp85vXbN14T","competition-UkJQVGKUA7TMNwRHVp7nb"
"competition-prediction-HpZeUlsfF7TBNLkbpaZJ7","2025-03-14 15:30:02.182813+00","2025-03-17 16:00:00+00","VUL9r3rPXEGCn3zto6gNU","competition-UkJQVGKUA7TMNwRHVp7nb"
"competition-prediction-Hps9QqxN3vNsBlMzsflLX","2025-03-02 18:36:10.166348+00",,"tR6Nb24a18wdRVwnyliQQ","competition-2np7VaBJ3aZlRSho6iJsp"
"competition-prediction-HzQTdcEm9UyzrxGuGbqvB","2025-01-17 09:54:01.16524+00","2025-03-17 16:00:00+00","ysQE4QCbKQtcb0yeowMjX","competition-2np7VaBJ3aZlRSho6iJsp"
"competition-prediction-J9nYdWY8aCDTLFz0iKt59","2025-02-23 03:24:27.776494+00","2025-03-17 16:00:00+00","NDfcme8K7BdaAx9Ur5hB5","competition-KbeK95EUdNeKULp32z8ij"
"competition-prediction-JLy17Fu87yM2ch741quDp","2025-03-14 15:58:04.273527+00",,"kY9WTSWZwwdmKjednWcYW","competition-UkJQVGKUA7TMNwRHVp7nb"
"competition-prediction-JMFyxShsgcjYFnRzZQFFK","2025-03-13 16:28:10.171798+00",,"C7ibMkBrX6uTYUKUyMANu","competition-2np7VaBJ3aZlRSho6iJsp"
"competition-prediction-JPUYK7RY8NdpHeA02RcaD","2025-02-08 03:34:54.556141+00",,"EyQzTVYVcrgU5kRN3Qg6R","competition-UkJQVGKUA7TMNwRHVp7nb"
"competition-prediction-JPiM6etVV4SNygnvAZqj7","2025-02-27 02:03:54.722321+00",,"N5cBC3h77rgaJUgNRLPcX","competition-UkJQVGKUA7TMNwRHVp7nb"
"competition-prediction-Jbhd1kx8mR7pfB4Z2xGUl","2025-03-14 11:07:47.403084+00",,"p6n21CG6pQ8z9sQlAX2ln","competition-KbeK95EUdNeKULp32z8ij"
"competition-prediction-Jin4shCvFEaK6d1HKta5N","2025-02-25 06:49:13.7882+00","2025-03-17 16:00:00+00","Mbyuw4vGTa1jaNfmT7r7S","competition-2np7VaBJ3aZlRSho6iJsp"
"competition-prediction-JkrbXF6u5ljC1lm66d5YD","2025-03-13 19:01:27.352959+00",,"QcUvkxqPEJzj90ewo2hJ9","competition-KbeK95EUdNeKULp32z8ij"
"competition-prediction-Jmu4p8BATNwMgMnBypskU","2025-03-11 20:59:49.415317+00",,"S4v208h08NMij2xHgWlw5","competition-2np7VaBJ3aZlRSho6iJsp"
"competition-prediction-Jn4iQZjtRywYDeNmF85la","2025-03-12 23:15:51.495029+00",,"bLycm2Dqq8yonEMRMRNy5","competition-KbeK95EUdNeKULp32z8ij"
"competition-prediction-Juic9hGhV0SrSlL9B5tKC","2025-02-25 19:56:59.265356+00","2025-03-17 16:00:00+00","ybvSMzpUk03sJ0C8DJLU0","competition-UkJQVGKUA7TMNwRHVp7nb"
"competition-prediction-K9Rj69XM8P0QRGpCuASY2","2025-02-08 00:03:32.031568+00",,"DXCx5ew2mA9psvLPwBYmv","competition-UkJQVGKUA7TMNwRHVp7nb"
"competition-prediction-Kec3G0H9KJGWfRouaHDLQ","2025-03-12 17:12:30.698107+00",,"MJfl29Yy4boyjo7TzpRHq","competition-UkJQVGKUA7TMNwRHVp7nb"
"competition-prediction-KxaYkYFECH2r5tm0v8fBG","2025-01-22 19:02:34.805077+00",,"sxhvvx7ZXJnRp2k26eW1q","competition-2np7VaBJ3aZlRSho6iJsp"
"competition-prediction-L5nBH6YZantELoKUnv7pM","2025-02-27 06:59:11.741771+00",,"DXCx5ew2mA9psvLPwBYmv","competition-UkJQVGKUA7TMNwRHVp7nb"
"competition-prediction-L9YdWSeXxFE5GdPLsbMdt","2025-01-18 09:54:22.161308+00",,"nQe8DcL55R8wFziipHYQt","competition-KbeK95EUdNeKULp32z8ij"
"competition-prediction-LME59Rmgxu1G9FTi90oaV","2025-02-05 17:07:42.23745+00","2025-03-17 16:00:00+00","5pgfnqQCrj8vtlYsVaX2G","competition-2np7VaBJ3aZlRSho6iJsp"
"competition-prediction-LQETXyFuahpcoC89wVtcD","2025-02-02 01:51:14.038168+00",,"nfJWqXK0H0a3VkumRDPYF","competition-KbeK95EUdNeKULp32z8ij"
"competition-prediction-LTj8nDyZE1cYCYaRzVols","2025-03-12 07:34:30.777033+00",,"MJfl29Yy4boyjo7TzpRHq","competition-2np7VaBJ3aZlRSho6iJsp"
"competition-prediction-LaEg2QtWYFvvpEvoTQfVu","2025-02-07 08:30:30.383649+00",,"QimKD3R5xpL8iaFAliJyl","competition-KbeK95EUdNeKULp32z8ij"
"competition-prediction-LbK8RWCRtYlnYvReBCCc0","2025-02-25 12:57:28.554517+00","2025-03-17 16:00:00+00","FZuCVaF8mt3JfCUL8nPiL","competition-2np7VaBJ3aZlRSho6iJsp"
"competition-prediction-LjhsDc1wsTSAYoLpgBuik","2025-02-27 07:17:04.931843+00",,"e61Ug2RA00XPvxYw2DprH","competition-KbeK95EUdNeKULp32z8ij"
"competition-prediction-Lmrc1MK7X2Vjob3eCgV1f","2025-02-26 21:37:16.209306+00",,"cKkY8Snz1vyp85vXbN14T","competition-2np7VaBJ3aZlRSho6iJsp"
"competition-prediction-LpjDxthqjjxZK9fUXF7pZ","2025-02-26 23:26:20.314496+00",,"eBmW8PytUKVz5aPNwvoaD","competition-KbeK95EUdNeKULp32z8ij"
"competition-prediction-LqH4P2asQU9jWs1jvlKr1","2025-01-31 10:21:52.991251+00",,"WMqY5nNSf1MiQ2a7KaQp3","competition-KbeK95EUdNeKULp32z8ij"
"competition-prediction-M0ePYflVVxiF79RnRcCkC","2025-03-06 15:41:30.346679+00",,"NgbkxDCwWNBJAwcRGKNhV","competition-UkJQVGKUA7TMNwRHVp7nb"
"competition-prediction-M1lX9R7CoseYeVTuHa8aL","2025-03-06 16:48:18.549344+00",,"cKkY8Snz1vyp85vXbN14T","competition-2np7VaBJ3aZlRSho6iJsp"
"competition-prediction-M7Xzk1hj5esM2bARoYjxF","2025-02-25 12:57:43.723454+00","2025-03-17 16:00:00+00","FZuCVaF8mt3JfCUL8nPiL","competition-2np7VaBJ3aZlRSho6iJsp"
"competition-prediction-MJaCjg3DCBJ070pBLPWcC","2025-01-17 08:28:44.103543+00","2025-03-17 16:00:00+00","ysQE4QCbKQtcb0yeowMjX","competition-2np7VaBJ3aZlRSho6iJsp"
"competition-prediction-MLf57NLNWQ4z2nAjSd6i1","2025-03-13 19:05:46.407126+00",,"QcUvkxqPEJzj90ewo2hJ9","competition-KbeK95EUdNeKULp32z8ij"
"competition-prediction-MMfwmNHmKDYmvKV2u8Ggs","2025-03-14 15:53:40.911446+00",,"AznJ6im1Lg9ikYiKBahma","competition-UkJQVGKUA7TMNwRHVp7nb"
"competition-prediction-MSw2dFna4FG2ETQ6hRctp","2025-02-24 18:50:48.727005+00",,"QcUvkxqPEJzj90ewo2hJ9","competition-KbeK95EUdNeKULp32z8ij"
"competition-prediction-MmHqH4fFEFbY7BQzW6AuN","2025-02-05 19:14:42.170176+00",,"cKkY8Snz1vyp85vXbN14T","competition-UkJQVGKUA7TMNwRHVp7nb"
"competition-prediction-MoEWcKkwYkPeFHrw3qaWd","2025-03-14 13:43:49.815604+00",,"rrBijer4tbCuFpkxKQlc9","competition-UkJQVGKUA7TMNwRHVp7nb"
"competition-prediction-N0ytaT7DhMZ0BT4MGnt8F","2025-02-13 16:10:01.96498+00",,"N5cBC3h77rgaJUgNRLPcX","competition-UkJQVGKUA7TMNwRHVp7nb"
"competition-prediction-NJdr6C8caPRWhUp0KSA4J","2025-02-03 04:49:07.632743+00",,"VZ7vz7oFPTXHUcmrVZ9Ef","competition-2np7VaBJ3aZlRSho6iJsp"
"competition-prediction-Nkgmr630HlnkkTGunuLqa","2025-02-24 17:05:56.071138+00",,"NgbkxDCwWNBJAwcRGKNhV","competition-UkJQVGKUA7TMNwRHVp7nb"
"competition-prediction-NpZnVgprdX54ZE95Rlmr5","2025-01-28 18:43:22.571128+00",,"nfJWqXK0H0a3VkumRDPYF","competition-KbeK95EUdNeKULp32z8ij"
"competition-prediction-P1oyoDVncg092QCaukPPH","2025-02-05 16:50:46.93035+00",,"ybvSMzpUk03sJ0C8DJLU0","competition-2np7VaBJ3aZlRSho6iJsp"
"competition-prediction-P5JEbqMS6XDXQFlGHPgvK","2025-02-07 22:12:56.047217+00",,"t5ykWV1EAGumpxrTiD4EZ","competition-KbeK95EUdNeKULp32z8ij"
"competition-prediction-PAbC6afWnjK4f4vFfWvbE","2025-02-25 18:16:02.458902+00",,"eMchc3woQTPfrqaoQFqat","competition-UkJQVGKUA7TMNwRHVp7nb"
"competition-prediction-PBplw5zS0YebXF6PPA8LJ","2025-03-14 12:08:46.220782+00",,"eBmW8PytUKVz5aPNwvoaD","competition-2np7VaBJ3aZlRSho6iJsp"
"competition-prediction-PZBs5eZLdqy2uxafpmjip","2025-02-12 13:21:58.23529+00","2025-03-17 16:00:00+00","6febD4slZp8u5bVFHVtgw","competition-KbeK95EUdNeKULp32z8ij"
"competition-prediction-PZPcXLWjPt1RPA8syARl4","2025-03-08 17:18:04.333718+00",,"tR6Nb24a18wdRVwnyliQQ","competition-2np7VaBJ3aZlRSho6iJsp"
"competition-prediction-Pp3hEwKcHxvR4T6ivLQqQ","2025-02-24 21:24:47.125646+00",,"N5cBC3h77rgaJUgNRLPcX","competition-UkJQVGKUA7TMNwRHVp7nb"
"competition-prediction-PpBuznnyPnPyBCPNYWMkw","2025-03-13 21:54:54.119487+00",,"sxhvvx7ZXJnRp2k26eW1q","competition-KbeK95EUdNeKULp32z8ij"
"competition-prediction-Q2eeNAWlw27oC0NdKpWxR","2025-03-06 17:01:22.240443+00",,"cKkY8Snz1vyp85vXbN14T","competition-2np7VaBJ3aZlRSho6iJsp"
"competition-prediction-Q2y6fSqpe0W2LBakmn5nY","2025-03-14 04:41:02.35759+00",,"rrBijer4tbCuFpkxKQlc9","competition-UkJQVGKUA7TMNwRHVp7nb"
"competition-prediction-Q3FnkTorQ9kTT9H3uGlbf","2025-01-17 10:32:37.633446+00","2025-03-17 16:00:00+00","EzazLNxQnJuNJQQH4Cz2B","competition-KbeK95EUdNeKULp32z8ij"
"competition-prediction-QQ2fC8x3MhSRVWigDMsjE","2025-01-22 19:02:36.814019+00",,"sxhvvx7ZXJnRp2k26eW1q","competition-KbeK95EUdNeKULp32z8ij"
"competition-prediction-QS5ie0Aita8XSGpxE0ZEz","2025-03-03 23:49:37.051849+00",,"Vu0wjYeXug7G9Xjzk1iR5","competition-KbeK95EUdNeKULp32z8ij"
"competition-prediction-QSwH7f0VG761PXVHcvtLd","2025-02-07 22:13:04.109223+00",,"t5ykWV1EAGumpxrTiD4EZ","competition-2np7VaBJ3aZlRSho6iJsp"
"competition-prediction-QTNQ7gWRGLzREDRBR87rp","2025-03-11 20:01:15.537085+00","2025-03-17 16:00:00+00","VUL9r3rPXEGCn3zto6gNU","competition-UkJQVGKUA7TMNwRHVp7nb"
"competition-prediction-QaE3mZ59Svt6CrFkXWCAQ","2025-02-07 06:40:34.872577+00",,"08WeSmQpKpu2PgqwGJE4J","competition-UkJQVGKUA7TMNwRHVp7nb"
"competition-prediction-QoH3GVq0h19XhJ6hfyE79","2025-01-23 12:17:49.865228+00",,"sxhvvx7ZXJnRp2k26eW1q","competition-KbeK95EUdNeKULp32z8ij"
"competition-prediction-QvCPEVzM0QTLseRKkPeWP","2025-03-14 14:00:27.918299+00",,"ybvSMzpUk03sJ0C8DJLU0","competition-KbeK95EUdNeKULp32z8ij"
"competition-prediction-R9fo8yfiW70xGwRkJoYWx","2025-01-28 14:50:16.92806+00","2025-03-17 16:00:00+00","6febD4slZp8u5bVFHVtgw","competition-KbeK95EUdNeKULp32z8ij"
"competition-prediction-RY7e52xhN8hMDYmr2xtLX","2025-02-07 06:39:28.516447+00",,"08WeSmQpKpu2PgqwGJE4J","competition-UkJQVGKUA7TMNwRHVp7nb"
"competition-prediction-ReoR53l5wBTRr6Py011Fn","2025-03-14 07:28:13.271737+00",,"EvkoUyLA330ffFW9K7uuM","competition-2np7VaBJ3aZlRSho6iJsp"
"competition-prediction-S3r3snpxv54DjdjoD6fWk","2025-01-17 10:40:37.863385+00","2025-03-17 16:00:00+00","EzazLNxQnJuNJQQH4Cz2B","competition-KbeK95EUdNeKULp32z8ij"
"competition-prediction-S8teuqB0WwcREXX3tT4V1","2025-03-04 21:17:29.557639+00",,"sxhvvx7ZXJnRp2k26eW1q","competition-2np7VaBJ3aZlRSho6iJsp"
"competition-prediction-S9yhyrYVraSy6vZ3u0iwS","2025-03-13 09:51:40.355513+00",,"P0R6K9oBc9Lk6MX0ozLG0","competition-UkJQVGKUA7TMNwRHVp7nb"
"competition-prediction-SL0yrsvshm8qTtEq2pNCY","2025-03-14 10:55:07.963194+00",,"cKkY8Snz1vyp85vXbN14T","competition-KbeK95EUdNeKULp32z8ij"
"competition-prediction-SLTV5EV9zdfYiN6YUqxAQ","2025-02-24 14:34:36.701152+00",,"cKkY8Snz1vyp85vXbN14T","competition-UkJQVGKUA7TMNwRHVp7nb"
"competition-prediction-SPcTajNP6AJPkB5T8F2a8","2025-01-23 12:19:09.103226+00",,"sxhvvx7ZXJnRp2k26eW1q","competition-KbeK95EUdNeKULp32z8ij"
"competition-prediction-SXMdEmccFmbNBtiVCZvp9","2025-03-14 15:17:26.874674+00",,"hVNPTQAK92Rrggu5isbws","competition-UkJQVGKUA7TMNwRHVp7nb"
"competition-prediction-SZcx3RiTK1kvFlcJrNJF5","2025-02-27 00:30:47.025131+00",,"eBmW8PytUKVz5aPNwvoaD","competition-2np7VaBJ3aZlRSho6iJsp"
"competition-prediction-Ssl2vlwft3CTtjfvqM09E","2025-03-09 05:08:49.328324+00",,"eMRtFW5PzzZa0LbzrYSX0","competition-UkJQVGKUA7TMNwRHVp7nb"
"competition-prediction-T6CfvWTPUqwUrbFwCW6CQ","2025-03-14 11:34:07.27596+00",,"sxhvvx7ZXJnRp2k26eW1q","competition-KbeK95EUdNeKULp32z8ij"
"competition-prediction-T9JnTzUhkBct6342iDqao","2025-03-14 10:52:22.061485+00",,"cKkY8Snz1vyp85vXbN14T","competition-2np7VaBJ3aZlRSho6iJsp"
"competition-prediction-TBsd4iv0TjLURmde8dpxy","2025-03-14 01:09:08.041022+00",,"Mbyuw4vGTa1jaNfmT7r7S","competition-KbeK95EUdNeKULp32z8ij"
"competition-prediction-TGf8m70iMQbJLYBmVR0SU","2025-02-05 19:21:07.068535+00",,"cKkY8Snz1vyp85vXbN14T","competition-UkJQVGKUA7TMNwRHVp7nb"
"competition-prediction-TKBSHdBoFKwmBnjFZ2t9i","2025-03-13 21:57:27.538428+00",,"e61Ug2RA00XPvxYw2DprH","competition-KbeK95EUdNeKULp32z8ij"
"competition-prediction-TPDYWfhEw4nYp81Kd5s1W","2025-03-02 18:20:19.445886+00",,"e61Ug2RA00XPvxYw2DprH","competition-UkJQVGKUA7TMNwRHVp7nb"
"competition-prediction-TSWQyQgwNyUbdp5EaGbmU","2025-03-05 07:15:22.055473+00",,"eMchc3woQTPfrqaoQFqat","competition-UkJQVGKUA7TMNwRHVp7nb"
"competition-prediction-TVwnsb7kFbz72tSvqFjlV","2025-03-13 18:52:38.203127+00",,"R1d7ZwPC15iPjECke09P6","competition-KbeK95EUdNeKULp32z8ij"
"competition-prediction-TcgPwrj1zrQc21aitkxso","2025-03-12 23:13:28.294447+00",,"bLycm2Dqq8yonEMRMRNy5","competition-KbeK95EUdNeKULp32z8ij"
"competition-prediction-TokdwverJcGUu5sgVGArJ","2025-02-24 19:01:22.312503+00",,"QcUvkxqPEJzj90ewo2hJ9","competition-KbeK95EUdNeKULp32z8ij"
"competition-prediction-UFtddCWWbWTDXSLk7iE0o","2025-03-14 13:23:24.601164+00",,"ybvSMzpUk03sJ0C8DJLU0","competition-KbeK95EUdNeKULp32z8ij"
"competition-prediction-Ucr5HQybCzDaQd2UJHh2t","2025-03-04 21:39:22.517249+00",,"cKkY8Snz1vyp85vXbN14T","competition-UkJQVGKUA7TMNwRHVp7nb"
"competition-prediction-UfYVeNBy31ucoSknGHWPK","2025-02-23 17:38:10.560457+00",,"Vu0wjYeXug7G9Xjzk1iR5","competition-2np7VaBJ3aZlRSho6iJsp"
"competition-prediction-Urln41KPESzYx2ao4tGbC","2025-02-07 17:39:49.56641+00",,"N1dcP8en2FEoCj3ldaljN","competition-2np7VaBJ3aZlRSho6iJsp"
"competition-prediction-V069nvW9oszLer22ERge9","2025-02-23 15:05:55.493225+00",,"Vu0wjYeXug7G9Xjzk1iR5","competition-KbeK95EUdNeKULp32z8ij"
"competition-prediction-V7ZHHmYol3oo0rckxluF9","2025-01-25 05:30:44.576081+00",,"nfJWqXK0H0a3VkumRDPYF","competition-KbeK95EUdNeKULp32z8ij"
"competition-prediction-W1Qk4TMtUd1J9g9HTPlWL","2025-03-03 16:28:38.641261+00",,"tR6Nb24a18wdRVwnyliQQ","competition-2np7VaBJ3aZlRSho6iJsp"
"competition-prediction-W629EUTViiRp72beZuA5U","2025-03-14 15:38:35.689115+00",,"kY9WTSWZwwdmKjednWcYW","competition-2np7VaBJ3aZlRSho6iJsp"
"competition-prediction-W833ZFABwxrYhbGzGWbJe","2025-02-05 16:51:18.158592+00",,"ybvSMzpUk03sJ0C8DJLU0","competition-2np7VaBJ3aZlRSho6iJsp"
"competition-prediction-WWDSqsiD7DbdSbgzjkiL7","2025-01-30 19:39:32.615487+00",,"cKkY8Snz1vyp85vXbN14T","competition-KbeK95EUdNeKULp32z8ij"
"competition-prediction-Wlc6bG27sKo9Vum4wuhHW","2025-02-07 19:53:37.505784+00",,"t5ykWV1EAGumpxrTiD4EZ","competition-KbeK95EUdNeKULp32z8ij"
"competition-prediction-WngQzdppo6KXQsAbjVFLn","2025-03-14 15:56:39.865018+00",,"tRmZAsfzjQBQFffWHl8te","competition-KbeK95EUdNeKULp32z8ij"
"competition-prediction-X2b8ruULCfb1gu71esZz7","2025-03-13 15:32:49.837001+00",,"zpZl5tZ2Rhwhkf8KThNoq","competition-UkJQVGKUA7TMNwRHVp7nb"
"competition-prediction-XTZrH4V8b3BNHLSAmuS6C","2025-02-25 12:57:56.678009+00","2025-03-17 16:00:00+00","FZuCVaF8mt3JfCUL8nPiL","competition-2np7VaBJ3aZlRSho6iJsp"
"competition-prediction-XWVeUUBXSzskJVKhMwDMr","2025-03-09 16:05:04.099151+00",,"cKkY8Snz1vyp85vXbN14T","competition-KbeK95EUdNeKULp32z8ij"
"competition-prediction-XtrDHHuvtngltgedsjpQt","2025-02-07 22:00:16.382388+00",,"ybvSMzpUk03sJ0C8DJLU0","competition-KbeK95EUdNeKULp32z8ij"
"competition-prediction-YMeJYALBVNnuZjGoJJyPg","2025-03-09 11:48:13.080341+00",,"j7lx7xrGsKHkmgag1Xukg","competition-KbeK95EUdNeKULp32z8ij"
"competition-prediction-YbG9mZ88TW0VZyLxXbthw","2025-03-14 02:45:01.550624+00",,"aL2AUHA1JhWgZGCQr618l","competition-2np7VaBJ3aZlRSho6iJsp"
"competition-prediction-Ypk2bjzLTJa8MyPzEQq46","2025-01-18 22:40:30.354923+00","2025-03-17 16:00:00+00","EzazLNxQnJuNJQQH4Cz2B","competition-KbeK95EUdNeKULp32z8ij"
"competition-prediction-YqWkiECKzw4HsKtfCTZjh","2025-02-25 14:22:42.682928+00",,"eMRtFW5PzzZa0LbzrYSX0","competition-UkJQVGKUA7TMNwRHVp7nb"
"competition-prediction-YysWuidi7shgX6y0fzgq1","2025-03-02 17:36:07.340069+00",,"tR6Nb24a18wdRVwnyliQQ","competition-2np7VaBJ3aZlRSho6iJsp"
"competition-prediction-ZAsp5H0VXLKf4AUAbbcqS","2025-03-05 13:55:14.767417+00",,"tR6Nb24a18wdRVwnyliQQ","competition-2np7VaBJ3aZlRSho6iJsp"
"competition-prediction-a2rtRXUvBCRPJbEJhw2el","2025-01-18 22:42:38.213089+00","2025-03-17 16:00:00+00","EzazLNxQnJuNJQQH4Cz2B","competition-KbeK95EUdNeKULp32z8ij"
"competition-prediction-a9l9rEDGgw5wDcnMn3fud","2025-03-13 20:56:51.741258+00",,"AEMymAUQxGDjos3FzZ8E5","competition-2np7VaBJ3aZlRSho6iJsp"
"competition-prediction-aCWmEzoEEeADAm4Pu1EW2","2025-02-24 19:08:48.891378+00","2025-03-17 16:00:00+00","nfjnyi7AoUX1cEc3tBw7m","competition-KbeK95EUdNeKULp32z8ij"
"competition-prediction-aG0TMUFftc58GE7khdjE3","2025-02-07 15:44:04.634512+00",,"cKkY8Snz1vyp85vXbN14T","competition-UkJQVGKUA7TMNwRHVp7nb"
"competition-prediction-aVP4cyNuSKUAQz9i1nkHV","2025-02-18 08:50:16.318123+00","2025-03-17 16:00:00+00","o2wBu1glbjmu3mDgrrgj5","competition-KbeK95EUdNeKULp32z8ij"
"competition-prediction-aWyGMCMyPKbtCkfubVCgg","2025-03-01 16:22:59.922902+00",,"NVjBh4VayZvTD2sKHMnqp","competition-KbeK95EUdNeKULp32z8ij"
"competition-prediction-aeynqQvHp7wyH9PaSajtx","2025-01-30 03:09:05.35481+00",,"R1d7ZwPC15iPjECke09P6","competition-KbeK95EUdNeKULp32z8ij"
"competition-prediction-af7cY3ymtBF2eNo1JFUjQ","2025-02-26 22:42:40.035684+00",,"eBmW8PytUKVz5aPNwvoaD","competition-UkJQVGKUA7TMNwRHVp7nb"
"competition-prediction-ajpUtX7qgRCDweYWkd6af","2025-03-14 15:00:27.962462+00",,"qqYUo11Aw0YN2kTeAGYJa","competition-KbeK95EUdNeKULp32z8ij"
"competition-prediction-anmNU2MxzlDVDfR5d5mGu","2025-02-07 20:07:20.409037+00",,"t5ykWV1EAGumpxrTiD4EZ","competition-2np7VaBJ3aZlRSho6iJsp"
"competition-prediction-aydZ1w2ScUF9RhvL1ikJL","2025-02-25 16:21:38.943818+00",,"P0R6K9oBc9Lk6MX0ozLG0","competition-UkJQVGKUA7TMNwRHVp7nb"
"competition-prediction-b6QxbAWX3eyUmP6UVzZB6","2025-02-07 21:43:22.983744+00",,"t5ykWV1EAGumpxrTiD4EZ","competition-2np7VaBJ3aZlRSho6iJsp"
"competition-prediction-bBYsp4m1vYNfvLa3Wc0GM","2025-02-07 17:06:48.557644+00",,"cKkY8Snz1vyp85vXbN14T","competition-2np7VaBJ3aZlRSho6iJsp"
"competition-prediction-bFomaltqcAyoFkv0Uszwu","2025-02-25 02:47:00.621936+00",,"ybvSMzpUk03sJ0C8DJLU0","competition-2np7VaBJ3aZlRSho6iJsp"
"competition-prediction-bW4KQ3HLK0ZS1RZybs8iZ","2025-02-20 08:31:18.77644+00",,"qRoMAk2CAsAybsoxosXLb","competition-KbeK95EUdNeKULp32z8ij"
"competition-prediction-bW89uMp1PvxZmGtSguE3a","2025-03-02 04:29:33.630525+00",,"Vu0wjYeXug7G9Xjzk1iR5","competition-2np7VaBJ3aZlRSho6iJsp"
"competition-prediction-bWQaTsXyGFSrh1KXE9MyY","2025-03-12 19:42:51.645483+00",,"AEMymAUQxGDjos3FzZ8E5","competition-2np7VaBJ3aZlRSho6iJsp"
"competition-prediction-blnBskG8gooYdhc29wEuu","2025-03-14 01:09:56.625582+00",,"Mbyuw4vGTa1jaNfmT7r7S","competition-2np7VaBJ3aZlRSho6iJsp"
"competition-prediction-bqUftovjZSaYp2RepD76e","2025-03-13 22:04:53.379558+00",,"nQe8DcL55R8wFziipHYQt","competition-2np7VaBJ3aZlRSho6iJsp"
"competition-prediction-by4a9QHFNgZWuCfqUgzLH","2025-03-11 13:54:54.306012+00",,"ChCaLfCH6fHlb5gZsa3Eq","competition-KbeK95EUdNeKULp32z8ij"
"competition-prediction-c3kSlwnqv552HB3emD1PH","2025-03-13 21:25:42.920965+00",,"nQe8DcL55R8wFziipHYQt","competition-KbeK95EUdNeKULp32z8ij"
"competition-prediction-cXB9Pg3mc8Di90gXRqEVY","2025-02-27 00:52:21.49659+00",,"lp7nYoe0dH4JvsRAoTgxf","competition-KbeK95EUdNeKULp32z8ij"
"competition-prediction-cxWPX6Lu3xAqgNSYAJZTX","2025-01-13 20:54:28.551217+00","2025-03-17 16:00:00+00","NKnaHGybLqwSHcaMEHqfF","competition-KbeK95EUdNeKULp32z8ij"
"competition-prediction-dEz3f4br5j21oSMRF1jic","2025-01-17 10:42:59.74005+00","2025-03-17 16:00:00+00","EzazLNxQnJuNJQQH4Cz2B","competition-KbeK95EUdNeKULp32z8ij"
"competition-prediction-dG2MuxcfUnXUrdtMbKiJY","2025-02-24 19:13:29.660802+00","2025-03-17 16:00:00+00","nfjnyi7AoUX1cEc3tBw7m","competition-KbeK95EUdNeKULp32z8ij"
"competition-prediction-dm11LdVsNAUGL60lNWFAK","2025-02-26 17:55:04.933927+00",,"j7lx7xrGsKHkmgag1Xukg","competition-KbeK95EUdNeKULp32z8ij"
"competition-prediction-dym6sfv7a7C4EeA0kwfPb","2025-02-05 16:08:08.336419+00",,"nfJWqXK0H0a3VkumRDPYF","competition-KbeK95EUdNeKULp32z8ij"
"competition-prediction-e30EWRRXCvW2BFsR53KBW","2025-02-19 04:00:33.051331+00",,"Vu0wjYeXug7G9Xjzk1iR5","competition-2np7VaBJ3aZlRSho6iJsp"
"competition-prediction-eEVmtB5XForncbQLV1pCJ","2025-03-13 17:16:47.998722+00",,"zpZl5tZ2Rhwhkf8KThNoq","competition-2np7VaBJ3aZlRSho6iJsp"
"competition-prediction-eEd5qyePoHKWj7SqWB2pf","2025-03-10 13:59:24.78129+00",,"C7ibMkBrX6uTYUKUyMANu","competition-KbeK95EUdNeKULp32z8ij"
"competition-prediction-eWpNQiCyfPkArPJoL664K","2025-02-25 14:23:50.646163+00",,"wXTTPBS0vjWJzZ0oQpo51","competition-2np7VaBJ3aZlRSho6iJsp"
"competition-prediction-eeizFt9s2C0HThEyGM5dK","2025-01-31 09:48:04.133448+00",,"qqYUo11Aw0YN2kTeAGYJa","competition-2np7VaBJ3aZlRSho6iJsp"
"competition-prediction-etnrbhyfM22uPFXu2BzXs","2025-02-09 18:29:34.879721+00",,"e61Ug2RA00XPvxYw2DprH","competition-KbeK95EUdNeKULp32z8ij"
"competition-prediction-exWbvkAwa50iWMPHb3ayC","2025-03-14 11:06:56.174671+00",,"eBmW8PytUKVz5aPNwvoaD","competition-UkJQVGKUA7TMNwRHVp7nb"
"competition-prediction-f4UzeGztzTF7PbeJLBEJn","2025-03-04 21:39:06.543692+00",,"cKkY8Snz1vyp85vXbN14T","competition-UkJQVGKUA7TMNwRHVp7nb"
"competition-prediction-fAE1xk0PmC2ww1gJ54P55","2025-02-20 08:08:07.99503+00",,"qRoMAk2CAsAybsoxosXLb","competition-KbeK95EUdNeKULp32z8ij"
"competition-prediction-fTl3CZi7ZKnrswuuFasqs","2025-03-14 10:53:52.797392+00",,"cKkY8Snz1vyp85vXbN14T","competition-2np7VaBJ3aZlRSho6iJsp"
"competition-prediction-fdPlU5XqTGGgphEXF4bsr","2025-03-05 21:08:46.745274+00","2025-03-17 16:00:00+00","utDEXqWFM0uEH1eKqnnqA","competition-UkJQVGKUA7TMNwRHVp7nb"
"competition-prediction-fwi61WTucFB4L5wrJznBp","2025-03-14 14:22:48.95424+00",,"NVjBh4VayZvTD2sKHMnqp","competition-KbeK95EUdNeKULp32z8ij"
"competition-prediction-fxm3HqmKVwRuH9Jyp8MZB","2025-02-24 20:52:37.605261+00",,"S4v208h08NMij2xHgWlw5","competition-2np7VaBJ3aZlRSho6iJsp"
"competition-prediction-gLUuvPtaAG5ASF28sDBLa","2025-02-25 21:16:19.006979+00","2025-03-17 16:00:00+00","5pgfnqQCrj8vtlYsVaX2G","competition-2np7VaBJ3aZlRSho6iJsp"
"competition-prediction-gUlFJRAvmZcNWBNY6LKQA","2025-02-08 05:17:02.591005+00",,"EyQzTVYVcrgU5kRN3Qg6R","competition-UkJQVGKUA7TMNwRHVp7nb"
"competition-prediction-gaZ6SmBFXukmZLlst7AqX","2025-03-13 18:55:12.967921+00",,"QcUvkxqPEJzj90ewo2hJ9","competition-KbeK95EUdNeKULp32z8ij"
"competition-prediction-gb8qFANNQmJKVjab5md5a","2025-02-26 22:28:41.534969+00",,"cKkY8Snz1vyp85vXbN14T","competition-KbeK95EUdNeKULp32z8ij"
"competition-prediction-h6zCCFeYb6Hy9WHUdqzKd","2025-03-02 04:14:58.751783+00",,"Vu0wjYeXug7G9Xjzk1iR5","competition-KbeK95EUdNeKULp32z8ij"
"competition-prediction-hT5JyT7ntpdvhGlCrCsKa","2025-02-27 00:31:53.583806+00",,"eBmW8PytUKVz5aPNwvoaD","competition-2np7VaBJ3aZlRSho6iJsp"
"competition-prediction-hmePlFSDm0zeuelTm9NFY","2025-03-05 13:04:02.390963+00",,"tR6Nb24a18wdRVwnyliQQ","competition-2np7VaBJ3aZlRSho6iJsp"
"competition-prediction-hvEhZVXhU4XVuAyjE26HC","2025-02-27 04:20:20.449523+00",,"pJPuBzrtzq6lGPgYKFpR6","competition-KbeK95EUdNeKULp32z8ij"
"competition-prediction-i2i35RFtafCrUBb8h8u7n","2025-03-03 07:18:55.326537+00",,"tR6Nb24a18wdRVwnyliQQ","competition-2np7VaBJ3aZlRSho6iJsp"
"competition-prediction-i65Ge9DQsC0Nsr7BE4EEc","2025-02-01 19:13:58.657597+00",,"e61Ug2RA00XPvxYw2DprH","competition-2np7VaBJ3aZlRSho6iJsp"
"competition-prediction-iP786mMvA0oHixPQhfvk0","2025-02-10 18:09:52.439796+00",,"t5ykWV1EAGumpxrTiD4EZ","competition-KbeK95EUdNeKULp32z8ij"
"competition-prediction-iSWf7AlEPCNAQ8fY4z6Wz","2025-03-03 15:50:03.54921+00",,"Vu0wjYeXug7G9Xjzk1iR5","competition-KbeK95EUdNeKULp32z8ij"
"competition-prediction-it4jMT4ggvggBE2UrQ1QP","2025-03-13 21:53:38.606328+00",,"e61Ug2RA00XPvxYw2DprH","competition-KbeK95EUdNeKULp32z8ij"
"competition-prediction-j0SBTYPpbolcWPp6ESshd","2025-02-19 04:41:18.25481+00",,"Vu0wjYeXug7G9Xjzk1iR5","competition-KbeK95EUdNeKULp32z8ij"
"competition-prediction-jKz6YJBxwwAdH3hSTjBsY","2025-02-05 19:32:58.225853+00",,"cKkY8Snz1vyp85vXbN14T","competition-UkJQVGKUA7TMNwRHVp7nb"
"competition-prediction-jVcTZefSkpudSzE4yKiNi","2025-03-02 04:07:29.021052+00",,"Vu0wjYeXug7G9Xjzk1iR5","competition-2np7VaBJ3aZlRSho6iJsp"
"competition-prediction-jZMNujcT5brzh7El3pUho","2025-01-18 09:56:55.914086+00",,"nQe8DcL55R8wFziipHYQt","competition-KbeK95EUdNeKULp32z8ij"
"competition-prediction-jkdd3bwYXWtKHGEK4tsWu","2025-03-02 23:12:31.044421+00",,"Vu0wjYeXug7G9Xjzk1iR5","competition-2np7VaBJ3aZlRSho6iJsp"
"competition-prediction-kMD7A97Q9b7wnRH8Ze9e9","2025-03-09 08:52:28.218903+00",,"eMRtFW5PzzZa0LbzrYSX0","competition-UkJQVGKUA7TMNwRHVp7nb"
"competition-prediction-kYRVWghPiwi6cbgJ5yUVN","2025-02-08 01:22:10.819381+00","2025-03-17 16:00:00+00","6febD4slZp8u5bVFHVtgw","competition-KbeK95EUdNeKULp32z8ij"
"competition-prediction-l0bqNNksNTrwAbnsHhYal","2025-01-30 20:00:15.759171+00",,"cKkY8Snz1vyp85vXbN14T","competition-2np7VaBJ3aZlRSho6iJsp"
"competition-prediction-lG3zeyntBQUMnbLjW4TnW","2025-02-24 20:57:01.584046+00",,"MJfl29Yy4boyjo7TzpRHq","competition-KbeK95EUdNeKULp32z8ij"
"competition-prediction-lSmsBDaTd4FVuroe6tCrf","2025-01-29 18:54:17.682964+00",,"Vu0wjYeXug7G9Xjzk1iR5","competition-2np7VaBJ3aZlRSho6iJsp"
"competition-prediction-la6ebkQQ83gfyHPabT5Yn","2025-02-27 01:46:59.859341+00",,"N5cBC3h77rgaJUgNRLPcX","competition-UkJQVGKUA7TMNwRHVp7nb"
"competition-prediction-late-L7MCXqhAWm3ADNfCMTxFS","2025-03-14 19:00:54.13602+00",,"pJPuBzrtzq6lGPgYKFpR6","competition-2np7VaBJ3aZlRSho6iJsp"
"competition-prediction-late-M4uNdgGuUwwjdkxfSNxFN","2025-03-17 18:07:19.399201+00",,"ybvSMzpUk03sJ0C8DJLU0","competition-KbeK95EUdNeKULp32z8ij"
"competition-prediction-late-im0HtqthslCqgR1BHgf9b","2025-03-14 19:00:54.13602+00",,"AznJ6im1Lg9ikYiKBahma","competition-UkJQVGKUA7TMNwRHVp7nb"
"competition-prediction-late-qt8XE61huX0BJ7ODg48bj","2025-03-15 00:51:36.777232+00",,"naqGd6HNoJhQfRLf2j3vV","competition-KbeK95EUdNeKULp32z8ij"
"competition-prediction-late-s9EUvo7CepdKaV65Yj3MO","2025-03-17 18:07:19.399201+00",,"ybvSMzpUk03sJ0C8DJLU0","competition-2np7VaBJ3aZlRSho6iJsp"
"competition-prediction-late-uxHNIu9aFS7AUuf0E4FXI","2025-03-14 19:00:54.13602+00",,"VSPwMtDkR4f7xuoLQMtp4","competition-KbeK95EUdNeKULp32z8ij"
"competition-prediction-lgMu6GUeJLr3zYjQtxKmU","2025-01-30 19:44:02.274753+00",,"cKkY8Snz1vyp85vXbN14T","competition-KbeK95EUdNeKULp32z8ij"
"competition-prediction-luzfDkXqqspAqNSdXmrxR","2025-03-14 10:06:47.028282+00",,"eBmW8PytUKVz5aPNwvoaD","competition-UkJQVGKUA7TMNwRHVp7nb"
"competition-prediction-lwD3fFxNM1jsZnVM9P19X","2025-02-06 16:37:19.942233+00",,"XasovAlwoeSMrqKx1fgED","competition-KbeK95EUdNeKULp32z8ij"
"competition-prediction-m2q84W3Vvu3MDVz2g0sFd","2025-02-24 20:56:32.750178+00",,"MJfl29Yy4boyjo7TzpRHq","competition-2np7VaBJ3aZlRSho6iJsp"
"competition-prediction-m54fPoj7uCo0aVUfkxFVA","2025-02-26 00:24:54.890378+00","2025-03-17 16:00:00+00","ybvSMzpUk03sJ0C8DJLU0","competition-UkJQVGKUA7TMNwRHVp7nb"
"competition-prediction-mFXaxyz6aVQUTHZmXBbKv","2025-03-14 13:52:58.066158+00",,"sxhvvx7ZXJnRp2k26eW1q","competition-2np7VaBJ3aZlRSho6iJsp"
"competition-prediction-mKqSWeF2hUQhJ294Y8k4Z","2025-03-13 21:56:41.321579+00",,"e61Ug2RA00XPvxYw2DprH","competition-KbeK95EUdNeKULp32z8ij"
"competition-prediction-mhmrb90eqYeUVLqYx707o","2025-02-12 16:59:07.740978+00",,"WMqY5nNSf1MiQ2a7KaQp3","competition-KbeK95EUdNeKULp32z8ij"
"competition-prediction-mlyM2gGliGHMAYcaJgUg8","2025-02-07 23:28:56.175843+00",,"DXCx5ew2mA9psvLPwBYmv","competition-UkJQVGKUA7TMNwRHVp7nb"
"competition-prediction-n5plgm2ggKBLEAHPe0r0w","2025-01-14 14:25:02.710003+00","2025-03-17 16:00:00+00","NKnaHGybLqwSHcaMEHqfF","competition-KbeK95EUdNeKULp32z8ij"
"competition-prediction-n62Jwvluu5XlLNK8mUla1","2025-03-03 07:24:08.365649+00",,"tR6Nb24a18wdRVwnyliQQ","competition-2np7VaBJ3aZlRSho6iJsp"
"competition-prediction-n95aGBKefQj6vuD6CkeZK","2025-03-13 15:38:23.446424+00",,"zpZl5tZ2Rhwhkf8KThNoq","competition-2np7VaBJ3aZlRSho6iJsp"
"competition-prediction-nCLZbUTbZJYLoAlZgG7gj","2025-03-11 20:01:23.923896+00","2025-03-17 16:00:00+00","VUL9r3rPXEGCn3zto6gNU","competition-UkJQVGKUA7TMNwRHVp7nb"
"competition-prediction-nCRDP5DVUfPJHjx2aSMuk","2025-01-20 12:17:41.127661+00",,"wXTTPBS0vjWJzZ0oQpo51","competition-KbeK95EUdNeKULp32z8ij"
"competition-prediction-ngcriSSYFc3ubx12KZdkM","2025-02-25 06:53:55.776603+00","2025-03-17 16:00:00+00","Mbyuw4vGTa1jaNfmT7r7S","competition-KbeK95EUdNeKULp32z8ij"
"competition-prediction-nom6bCHiJ05KL0zXkRed3","2025-02-12 17:07:30.903914+00",,"WMqY5nNSf1MiQ2a7KaQp3","competition-KbeK95EUdNeKULp32z8ij"
"competition-prediction-nsrgodo0z5NX7t38zfxTP","2025-02-07 16:57:47.721604+00","2025-03-17 16:00:00+00","5pgfnqQCrj8vtlYsVaX2G","competition-2np7VaBJ3aZlRSho6iJsp"
"competition-prediction-o5VtNvydZubfQynbYQwsG","2025-03-10 13:20:45.382208+00",,"C7ibMkBrX6uTYUKUyMANu","competition-KbeK95EUdNeKULp32z8ij"
"competition-prediction-o8n3Fgdevuj8th3FfUNu1","2025-03-09 14:36:51.397166+00",,"cKkY8Snz1vyp85vXbN14T","competition-UkJQVGKUA7TMNwRHVp7nb"
"competition-prediction-o9F72HDuybJSoN3gBFi2U","2025-03-14 14:44:01.677426+00",,"DfLSWah5GmZLGmwRvUUu2","competition-KbeK95EUdNeKULp32z8ij"
"competition-prediction-oFShFRrVCZh0YRrFcBFb0","2025-03-14 12:54:19.911912+00",,"RWJ9Ts7Jr5r9iox90zc6n","competition-UkJQVGKUA7TMNwRHVp7nb"
"competition-prediction-oR5RcDe62v1P7reKu9RiE","2025-01-17 10:45:21.643118+00","2025-03-17 16:00:00+00","EzazLNxQnJuNJQQH4Cz2B","competition-KbeK95EUdNeKULp32z8ij"
"competition-prediction-okGwUqgeEC88mxjf9jrZL","2025-02-25 16:30:19.711663+00",,"ybvSMzpUk03sJ0C8DJLU0","competition-KbeK95EUdNeKULp32z8ij"
"competition-prediction-omMPBwfjCApTUe53kFUGd","2025-01-31 09:40:38.239688+00",,"qqYUo11Aw0YN2kTeAGYJa","competition-KbeK95EUdNeKULp32z8ij"
"competition-prediction-oz40Rvqtsfm2cVvVdQNRG","2025-02-03 04:36:02.350083+00",,"VZ7vz7oFPTXHUcmrVZ9Ef","competition-KbeK95EUdNeKULp32z8ij"
"competition-prediction-p4CwhL2RCWyn3FpaTHdTM","2025-01-17 10:27:57.536612+00","2025-03-17 16:00:00+00","EzazLNxQnJuNJQQH4Cz2B","competition-KbeK95EUdNeKULp32z8ij"
"competition-prediction-phAZvCj3WPF5U4b2bV6ye","2025-03-14 13:56:17.765545+00",,"WMqY5nNSf1MiQ2a7KaQp3","competition-KbeK95EUdNeKULp32z8ij"
"competition-prediction-piXic8epUUKzfScoxJiDf","2025-03-13 15:35:16.432897+00","2025-03-14 16:30:00+00","08WeSmQpKpu2PgqwGJE4J","competition-UkJQVGKUA7TMNwRHVp7nb"
"competition-prediction-pl9UJ3LSjUp8vMmvobBiF","2025-03-03 10:30:56.932007+00",,"YQtH09KRfpEPtMQBlwTZ5","competition-UkJQVGKUA7TMNwRHVp7nb"
"competition-prediction-pmm7NaFtmLywRjZ1l1NqG","2025-03-11 04:04:04.889969+00","2025-03-17 16:00:00+00","nfjnyi7AoUX1cEc3tBw7m","competition-KbeK95EUdNeKULp32z8ij"
"competition-prediction-po5DiDVZzErg2lY1zDX8S","2025-03-02 04:04:33.272987+00",,"Vu0wjYeXug7G9Xjzk1iR5","competition-KbeK95EUdNeKULp32z8ij"
"competition-prediction-pr9pVVQedDD3mD0WXrWMg","2025-03-13 23:45:22.831273+00",,"DXCx5ew2mA9psvLPwBYmv","competition-2np7VaBJ3aZlRSho6iJsp"
"competition-prediction-pxXgSbG31dfMbqohnMnfP","2025-03-14 15:08:33.642959+00",,"RWJ9Ts7Jr5r9iox90zc6n","competition-UkJQVGKUA7TMNwRHVp7nb"
"competition-prediction-q4bWNdsp4aA7kCpBpopkF","2025-03-14 13:08:54.842782+00",,"b5KZvrNtvnlD8iKbJ7n8J","competition-2np7VaBJ3aZlRSho6iJsp"
"competition-prediction-q4wGhmrc8r8wGWwFy6ie8","2025-03-02 17:43:55.458635+00",,"tR6Nb24a18wdRVwnyliQQ","competition-2np7VaBJ3aZlRSho6iJsp"
"competition-prediction-q86UGZcaEWrCl5Tj3iMl4","2025-02-05 20:45:03.224447+00","2025-03-17 16:00:00+00","5pgfnqQCrj8vtlYsVaX2G","competition-2np7VaBJ3aZlRSho6iJsp"
"competition-prediction-qHtsXv3UyYdLY71ABZz7R","2025-03-14 01:47:37.945024+00",,"i5ctHBwWtC62RlBatLjqn","competition-KbeK95EUdNeKULp32z8ij"
"competition-prediction-qLVsoiliCYbHQVn7lF1pE","2025-02-15 05:24:59.074144+00",,"Vu0wjYeXug7G9Xjzk1iR5","competition-KbeK95EUdNeKULp32z8ij"
"competition-prediction-qM1prxFQwSeX8cS8Gc2dc","2025-03-14 12:20:28.556261+00",,"RWJ9Ts7Jr5r9iox90zc6n","competition-UkJQVGKUA7TMNwRHVp7nb"
"competition-prediction-qM6onWasKLoH94dz47dKh","2025-03-13 15:42:54.442772+00",,"C7ibMkBrX6uTYUKUyMANu","competition-2np7VaBJ3aZlRSho6iJsp"
"competition-prediction-qX6Upz0nnS3vqamUoaJoG","2025-03-06 17:39:50.647075+00",,"cKkY8Snz1vyp85vXbN14T","competition-KbeK95EUdNeKULp32z8ij"
"competition-prediction-qg5PVWDLbiN5ndytwYPta","2025-02-26 16:31:25.637415+00",,"8ZKQKFE9xTEUExcMaJNg4","competition-2np7VaBJ3aZlRSho6iJsp"
"competition-prediction-qh2MvdTKb2KrG6224vPsy","2025-03-12 01:00:45.461483+00",,"PkAYhfKdQnV2SYrKVY8qA","competition-KbeK95EUdNeKULp32z8ij"
"competition-prediction-qha0BSDXlbDroHooGVvKs","2025-01-19 21:20:13.040732+00","2025-03-17 16:00:00+00","BCKu6WCTepWAolcsF7k9G","competition-2np7VaBJ3aZlRSho6iJsp"
"competition-prediction-ql3PX5bGw0STK7pjnNKxh","2025-03-13 20:27:26.952513+00",,"wgU0uB06kYPWBYMH9J4eo","competition-KbeK95EUdNeKULp32z8ij"
"competition-prediction-r65Xi5vXJ0yXN3hMql8ae","2025-02-24 20:15:50.836536+00","2025-03-17 16:00:00+00","1a8Wi0Bjc2kyyokxlgahB","competition-2np7VaBJ3aZlRSho6iJsp"
"competition-prediction-rEU42EhsYQpXx1so6JUV8","2025-02-24 18:55:11.627493+00",,"QcUvkxqPEJzj90ewo2hJ9","competition-KbeK95EUdNeKULp32z8ij"
"competition-prediction-rGPghbxPNA6EAiZEG5TgH","2025-02-10 18:02:53.330075+00","2025-03-17 16:00:00+00","qhbyaULEpa129vi5BfcmS","competition-KbeK95EUdNeKULp32z8ij"
"competition-prediction-rtCeon3Tn8KapLAWHrGmr","2025-03-13 09:20:30.824163+00","2025-03-17 16:00:00+00","Mbyuw4vGTa1jaNfmT7r7S","competition-KbeK95EUdNeKULp32z8ij"
"competition-prediction-rxb1cDDVnGaGDj7dShZqS","2025-01-17 10:05:43.136983+00","2025-03-17 16:00:00+00","ysQE4QCbKQtcb0yeowMjX","competition-2np7VaBJ3aZlRSho6iJsp"
"competition-prediction-s91yonL5VYr8od8qZXPiQ","2025-02-27 00:29:38.453314+00",,"eBmW8PytUKVz5aPNwvoaD","competition-2np7VaBJ3aZlRSho6iJsp"
"competition-prediction-sKvyY8FZzDDX1jaFpBG8t","2025-03-10 18:03:33.122171+00",,"ugw3LM4bc9zKEmeczKf3e","competition-UkJQVGKUA7TMNwRHVp7nb"
"competition-prediction-salzAVayEdE5bdSjZjcWF","2025-03-11 04:07:36.610078+00",,"nfjnyi7AoUX1cEc3tBw7m","competition-KbeK95EUdNeKULp32z8ij"
"competition-prediction-sqr7BVpSxy4NSgljcEgl8","2025-03-07 10:09:00.275574+00",,"C7ibMkBrX6uTYUKUyMANu","competition-UkJQVGKUA7TMNwRHVp7nb"
"competition-prediction-swzwulFw6UM2HVFyLMdFo","2025-03-14 14:22:27.583731+00",,"NVjBh4VayZvTD2sKHMnqp","competition-KbeK95EUdNeKULp32z8ij"
"competition-prediction-t4heZQ05hXlJ6vcfhZjP2","2025-03-14 10:26:48.082601+00",,"DXCx5ew2mA9psvLPwBYmv","competition-UkJQVGKUA7TMNwRHVp7nb"
"competition-prediction-t88lfEezlTXLVaStyzzAy","2025-01-31 23:08:43.307083+00",,"WMqY5nNSf1MiQ2a7KaQp3","competition-KbeK95EUdNeKULp32z8ij"
"competition-prediction-tXAYGUoQN3TTYESB55loY","2025-02-24 14:29:53.034669+00",,"cKkY8Snz1vyp85vXbN14T","competition-UkJQVGKUA7TMNwRHVp7nb"
"competition-prediction-tXLnHU72dFljtgWAuvh8Z","2025-03-14 14:38:25.058677+00",,"8nviRySoUqQG71ckPMqLZ","competition-UkJQVGKUA7TMNwRHVp7nb"
"competition-prediction-th7lSmtpv1tMxmNjYqCJU","2025-03-14 15:48:56.449073+00",,"eBmW8PytUKVz5aPNwvoaD","competition-UkJQVGKUA7TMNwRHVp7nb"
"competition-prediction-tsFNwQ5gCcyP5AWZfsYq3","2025-02-07 17:10:03.447704+00",,"cKkY8Snz1vyp85vXbN14T","competition-KbeK95EUdNeKULp32z8ij"
"competition-prediction-twaxXzkczaksdEdtTGR7G","2025-03-12 07:52:08.902013+00",,"MJfl29Yy4boyjo7TzpRHq","competition-KbeK95EUdNeKULp32z8ij"
"competition-prediction-u6GoQ1bnenK7gjAHUdmrb","2025-02-07 08:36:47.161117+00",,"QimKD3R5xpL8iaFAliJyl","competition-2np7VaBJ3aZlRSho6iJsp"
"competition-prediction-uJPbuBgPRAfCMv52Y0kfG","2025-02-26 10:58:25.365441+00",,"PkAYhfKdQnV2SYrKVY8qA","competition-KbeK95EUdNeKULp32z8ij"
"competition-prediction-uWK14SwJ5wlTtEMlV1Tvh","2025-03-03 05:59:42.497248+00",,"tR6Nb24a18wdRVwnyliQQ","competition-2np7VaBJ3aZlRSho6iJsp"
"competition-prediction-ubjR6jVWYyAEDkSd61HTz","2025-02-10 02:30:03.800193+00","2025-03-17 16:00:00+00","CqzUMxzMtWgGabs1YM45q","competition-UkJQVGKUA7TMNwRHVp7nb"
"competition-prediction-uimrmltJ0uwnKiYFSY51r","2025-03-09 18:38:12.60479+00",,"j7lx7xrGsKHkmgag1Xukg","competition-KbeK95EUdNeKULp32z8ij"
"competition-prediction-uovZfo4f4hWFUaTaiW4wg","2025-01-18 09:16:13.295588+00",,"nQe8DcL55R8wFziipHYQt","competition-KbeK95EUdNeKULp32z8ij"
"competition-prediction-vA8HfBYJZ6oQ2MGuo5wvb","2025-02-10 17:35:25.592695+00",,"ybvSMzpUk03sJ0C8DJLU0","competition-KbeK95EUdNeKULp32z8ij"
"competition-prediction-vDsGGXYpMbF05fGHGMt7g","2025-03-12 18:04:49.330606+00",,"AEMymAUQxGDjos3FzZ8E5","competition-2np7VaBJ3aZlRSho6iJsp"
"competition-prediction-vKipjaVtYETyjz5by9vhU","2025-02-06 16:42:35.746097+00",,"XasovAlwoeSMrqKx1fgED","competition-KbeK95EUdNeKULp32z8ij"
"competition-prediction-vsaz5FLt7uu2Tfos1sCjV","2025-02-25 17:50:25.784503+00","2025-03-17 16:00:00+00","xwA8FThAet5J1yx5lzQ8V","competition-KbeK95EUdNeKULp32z8ij"
"competition-prediction-wKX53nqDzhi4hkS3M2cGq","2025-02-26 18:56:47.98249+00",,"R1d7ZwPC15iPjECke09P6","competition-KbeK95EUdNeKULp32z8ij"
"competition-prediction-wLj8bdpvbUQ1Ej2iedMJM","2025-03-14 15:20:45.099254+00",,"pJPuBzrtzq6lGPgYKFpR6","competition-KbeK95EUdNeKULp32z8ij"
"competition-prediction-wNi5FK6MaefmrF2LqbFr6","2025-03-12 10:02:32.680768+00",,"PkAYhfKdQnV2SYrKVY8qA","competition-2np7VaBJ3aZlRSho6iJsp"
"competition-prediction-wVVdbgPvKR90oULYdftDf","2025-03-14 11:06:15.041729+00",,"eBmW8PytUKVz5aPNwvoaD","competition-UkJQVGKUA7TMNwRHVp7nb"
"competition-prediction-wVsbdymtEj2iKNLcfa9Cd","2025-03-14 14:23:13.517182+00",,"NVjBh4VayZvTD2sKHMnqp","competition-KbeK95EUdNeKULp32z8ij"
"competition-prediction-wlaHMwKsZwwsKFcJAy4Qj","2025-02-13 06:46:48.529964+00",,"DXCx5ew2mA9psvLPwBYmv","competition-UkJQVGKUA7TMNwRHVp7nb"
"competition-prediction-wriiSfqFD9GiZ8gxZ3Zya","2025-02-07 21:45:06.013098+00",,"t5ykWV1EAGumpxrTiD4EZ","competition-2np7VaBJ3aZlRSho6iJsp"
"competition-prediction-wzfgaap3nu6ZVdXudra8m","2025-01-19 21:20:00.834954+00","2025-03-17 16:00:00+00","BCKu6WCTepWAolcsF7k9G","competition-2np7VaBJ3aZlRSho6iJsp"
"competition-prediction-xTEvuJN9vagJvRzQWFzvN","2025-02-27 20:34:24.420664+00",,"lp7nYoe0dH4JvsRAoTgxf","competition-KbeK95EUdNeKULp32z8ij"
"competition-prediction-xXKipo0QW78DbV5H2RbYw","2025-02-25 06:50:15.800159+00","2025-03-17 16:00:00+00","Mbyuw4vGTa1jaNfmT7r7S","competition-2np7VaBJ3aZlRSho6iJsp"
"competition-prediction-xap5zymhTZhhYkHdP6a75","2025-02-01 19:21:23.025696+00",,"e61Ug2RA00XPvxYw2DprH","competition-2np7VaBJ3aZlRSho6iJsp"
"competition-prediction-xdwZHK4daJZ6b5USLtqYN","2025-02-05 19:13:48.282876+00",,"cKkY8Snz1vyp85vXbN14T","competition-UkJQVGKUA7TMNwRHVp7nb"
"competition-prediction-xiHxDH12GNqEwi0MM6N38","2025-03-10 19:12:02.750073+00","2025-03-17 16:00:00+00","utDEXqWFM0uEH1eKqnnqA","competition-UkJQVGKUA7TMNwRHVp7nb"
"competition-prediction-y8vBpSHVcKm3VieRAe8Zp","2025-02-25 02:47:45.917885+00",,"ybvSMzpUk03sJ0C8DJLU0","competition-2np7VaBJ3aZlRSho6iJsp"
"competition-prediction-z689nEQazn749w49H1lCy","2025-03-14 06:35:00.94264+00",,"eBmW8PytUKVz5aPNwvoaD","competition-UkJQVGKUA7TMNwRHVp7nb"
"competition-prediction-zBMgCKwdGnvtSyruYmQSG","2025-02-02 04:31:37.513035+00",,"cJ51pv3572hzCfm1AGosY","competition-KbeK95EUdNeKULp32z8ij"
"competition-prediction-zxGLAHrQBA5RkcNX4KwsK","2025-03-14 08:53:04.663549+00",,"DXCx5ew2mA9psvLPwBYmv","competition-UkJQVGKUA7TMNwRHVp7nb"